source_id,insight_id,source_type,source_ref,date,evidence
SRC-001,INS-001,customer-research-reddit,"r/PandaDoc - ""can this replace our whole contract process"" thread",2026-08-12,"Can I actually run my whole vendor contract process through this?"
SRC-002,INS-002,customer-research-reddit,"r/PandaDoc - document security concerns thread",2026-08-12,"Multiple questions about security and unauthorized access to uploaded contracts"
SRC-003,INS-003,customer-research-reddit,"r/PandaDoc - document security concerns thread",2026-08-12,"Users ask whether extraction accuracy is ""good enough"" rather than how the OCR works"
SRC-004,INS-004,customer-research-reddit,"r/PandaDoc - multi-month rollout progress thread",2026-08-12,"User invested heavily in one workflow over months"
SRC-005,INS-005,customer-research-reddit,"r/PandaDoc - final day before contract deadline thread",2026-08-12,"I only have 1 day to fix the routing before contracts go out"
SRC-006,INS-006,customer-research-reddit,"r/PandaDoc - feedback implementation thread",2026-08-12,"User implemented Reddit suggestions over several days"
SRC-007,INS-007,customer-research-reddit,"r/PandaDoc - guest/sandbox submission thread",2026-08-12,"Sandbox mode added after feedback"
SRC-008,INS-008,customer-research-reddit,"r/PandaDoc - invoice and PO extraction showcase thread",2026-08-12,"Invoice extraction, PO matching, intake form parsing, clause detection"
SRC-009,INS-009,customer-research-reddit,"r/PandaDoc - OCR free-tier quota thread",2026-08-12,"Free OCR quota may stop working under load"
SRC-010,INS-010,customer-research-reddit,"r/PandaDoc - known limits/bugs thread",2026-08-12,"User already knows about page limits and extraction bugs"
SRC-011,INS-011,customer-research-reddit,"r/PandaDoc - vendor lookup/verification showcase thread",2026-08-12,"Automatic vendor lookup against a company registry"
SRC-012,INS-012,customer-research-reddit,"r/PandaDoc - branded portal broken thread",2026-08-12,"Custom branding not rendering correctly on the signing portal"
SRC-013,INS-013,customer-research-reddit,"r/PandaDoc - ""proper structured field mapping"" request thread",2026-08-12,"User asks for a ""proper structured field mapping"" instead of the rendered generic template"
SRC-014,INS-014,customer-research-reddit,"r/PandaDoc - extraction engine upgrade announcement thread",2026-08-12,"PandaDoc highlights migration to a new extraction engine"
SRC-015,INS-015,customer-research-reddit,"r/PandaDoc - ""20099 page credits"" retrospective thread",2026-08-12,"20,099 page credits and a year later, I'm done"
SRC-016,INS-016,customer-research-reddit,"r/PandaDoc - post-publish bug discovery thread",2026-08-12,"Many extraction issues become visible only after publishing"
SRC-017,INS-017,customer-research-reddit,"r/PandaDoc - final-day breakage thread",2026-08-12,"Implicit in long iteration cycles and final-day changes"
SRC-018,INS-018,customer-research-reddit,"r/PandaDoc - mobile signing request thread",2026-08-12,"Non-technical users describe desired behavior rather than technical configuration"
SRC-019,INS-019,customer-research-reddit,"r/PandaDoc - showcase and community feedback thread",2026-08-12,"Showcase posts and community feedback"
